{
  "variants": {
    "facing=east,half=bottom,open=false": {
      "y": 90,
      "model": "minecraft:block/birch_trapdoor_bottom"
    },
    "facing=east,half=bottom,open=true": {
      "y": 90,
      "model": "minecraft:block/birch_trapdoor_open"
    },
    "facing=east,half=top,open=false": {
      "y": 90,
      "model": "minecraft:block/birch_trapdoor_top"
    },
    "facing=east,half=top,open=true": {
      "x": 180,
      "y": 270,
      "model": "minecraft:block/birch_trapdoor_open"
    },
    "facing=north,half=bottom,open=false": {
      "model": "minecraft:block/birch_trapdoor_bottom"
    },
    "facing=north,half=bottom,open=true": {
      "model": "minecraft:block/birch_trapdoor_open"
    },
    "facing=north,half=top,open=false": {
      "model": "minecraft:block/birch_trapdoor_top"
    },
    "facing=north,half=top,open=true": {
      "x": 180,
      "y": 180,
      "model": "minecraft:block/birch_trapdoor_open"
    },
    "facing=south,half=bottom,open=false": {
      "y": 180,
      "model": "minecraft:block/birch_trapdoor_bottom"
    },
    "facing=south,half=bottom,open=true": {
      "y": 180,
      "model": "minecraft:block/birch_trapdoor_open"
    },
    "facing=south,half=top,open=false": {
      "y": 180,
      "model": "minecraft:block/birch_trapdoor_top"
    },
    "facing=south,half=top,open=true": {
      "x": 180,
      "y": 0,
      "model": "minecraft:block/birch_trapdoor_open"
    },
    "facing=west,half=bottom,open=false": {
      "y": 270,
      "model": "minecraft:block/birch_trapdoor_bottom"
    },
    "facing=west,half=bottom,open=true": {
      "y": 270,
      "model": "minecraft:block/birch_trapdoor_open"
    },
    "facing=west,half=top,open=false": {
      "y": 270,
      "model": "minecraft:block/birch_trapdoor_top"
    },
    "facing=west,half=top,open=true": {
      "x": 180,
      "y": 90,
      "model": "minecraft:block/birch_trapdoor_open"
    }
  }
}