{
  "variants": {
    "age=0,facing=east": {
      "y": 270,
      "model": "minecraft:block/cocoa_stage0"
    },
    "age=0,facing=north": {
      "y": 180,
      "model": "minecraft:block/cocoa_stage0"
    },
    "age=0,facing=south": {
      "model": "minecraft:block/cocoa_stage0"
    },
    "age=0,facing=west": {
      "y": 90,
      "model": "minecraft:block/cocoa_stage0"
    },
    "age=1,facing=east": {
      "y": 270,
      "model": "minecraft:block/cocoa_stage1"
    },
    "age=1,facing=north": {
      "y": 180,
      "model": "minecraft:block/cocoa_stage1"
    },
    "age=1,facing=south": {
      "model": "minecraft:block/cocoa_stage1"
    },
    "age=1,facing=west": {
      "y": 90,
      "model": "minecraft:block/cocoa_stage1"
    },
    "age=2,facing=east": {
      "y": 270,
      "model": "minecraft:block/cocoa_stage2"
    },
    "age=2,facing=north": {
      "y": 180,
      "model": "minecraft:block/cocoa_stage2"
    },
    "age=2,facing=south": {
      "model": "minecraft:block/cocoa_stage2"
    },
    "age=2,facing=west": {
      "y": 90,
      "model": "minecraft:block/cocoa_stage2"
    }
  }
}