{
  "multipart": [
    {
      "when": {
        "north": "true"
      },
      "apply": {
        "model": "minecraft:block/mushroom_stem"
      }
    },
    {
      "when": {
        "east": "true"
      },
      "apply": {
        "uvlock": true,
        "y": 90,
        "model": "minecraft:block/mushroom_stem"
      }
    },
    {
      "when": {
        "south": "true"
      },
      "apply": {
        "uvlock": true,
        "y": 180,
        "model": "minecraft:block/mushroom_stem"
      }
    },
    {
      "when": {
        "west": "true"
      },
      "apply": {
        "uvlock": true,
        "y": 270,
        "model": "minecraft:block/mushroom_stem"
      }
    },
    {
      "when": {
        "up": "true"
      },
      "apply": {
        "x": 270,
        "uvlock": true,
        "model": "minecraft:block/mushroom_stem"
      }
    },
    {
      "when": {
        "down": "true"
      },
      "apply": {
        "x": 90,
        "uvlock": true,
        "model": "minecraft:block/mushroom_stem"
      }
    },
    {
      "when": {
        "north": "false"
      },
      "apply": {
        "model": "minecraft:block/mushroom_block_inside"
      }
    },
    {
      "when": {
        "east": "false"
      },
      "apply": {
        "uvlock": false,
        "y": 90,
        "model": "minecraft:block/mushroom_block_inside"
      }
    },
    {
      "when": {
        "south": "false"
      },
      "apply": {
        "uvlock": false,
        "y": 180,
        "model": "minecraft:block/mushroom_block_inside"
      }
    },
    {
      "when": {
        "west": "false"
      },
      "apply": {
        "uvlock": false,
        "y": 270,
        "model": "minecraft:block/mushroom_block_inside"
      }
    },
    {
      "when": {
        "up": "false"
      },
      "apply": {
        "x": 270,
        "uvlock": false,
        "model": "minecraft:block/mushroom_block_inside"
      }
    },
    {
      "when": {
        "down": "false"
      },
      "apply": {
        "x": 90,
        "uvlock": false,
        "model": "minecraft:block/mushroom_block_inside"
      }
    }
  ]
}