{
  "multipart": [
    {
      "apply": {
        "model": "minecraft:block/orange_stained_glass_pane_post"
      }
    },
    {
      "when": {
        "north": "true"
      },
      "apply": {
        "model": "minecraft:block/orange_stained_glass_pane_side"
      }
    },
    {
      "when": {
        "east": "true"
      },
      "apply": {
        "y": 90,
        "model": "minecraft:block/orange_stained_glass_pane_side"
      }
    },
    {
      "when": {
        "south": "true"
      },
      "apply": {
        "model": "minecraft:block/orange_stained_glass_pane_side_alt"
      }
    },
    {
      "when": {
        "west": "true"
      },
      "apply": {
        "y": 90,
        "model": "minecraft:block/orange_stained_glass_pane_side_alt"
      }
    },
    {
      "when": {
        "north": "false"
      },
      "apply": {
        "model": "minecraft:block/orange_stained_glass_pane_noside"
      }
    },
    {
      "when": {
        "east": "false"
      },
      "apply": {
        "model": "minecraft:block/orange_stained_glass_pane_noside_alt"
      }
    },
    {
      "when": {
        "south": "false"
      },
      "apply": {
        "y": 90,
        "model": "minecraft:block/orange_stained_glass_pane_noside_alt"
      }
    },
    {
      "when": {
        "west": "false"
      },
      "apply": {
        "y": 270,
        "model": "minecraft:block/orange_stained_glass_pane_noside"
      }
    }
  ]
}